login,password,first_name,last_name,patronymic
jsmith,hashed_pass_123,John,Smith,Michael
emiller,hashed_pass_456,Emily,Miller,Rose
djohnson,hashed_pass_789,David,Johnson,Alexander
swilliams,hashed_pass_321,Sarah,Williams,Elizabeth
mbrown,hashed_pass_654,Michael,Brown,James
ljones,hashed_pass_987,Lisa,Jones,Marie
rgarcia,hashed_pass_147,Robert,Garcia,Thomas
jmartinez,hashed_pass_258,Jennifer,Martinez,Ann
wdavis,hashed_pass_369,William,Davis,Joseph
alopez,hashed_pass_741,Amanda,Lopez,Nicole
janderson,hashed_pass_852,James,Anderson,Robert
mthomas,hashed_pass_963,Mary,Thomas,Grace
ctaylor,hashed_pass_159,Christopher,Taylor,Daniel
pmoore,hashed_pass_357,Patricia,Moore,Lynn
dwhite,hashed_pass_486,Daniel,White,Matthew
bharris,hashed_pass_624,Barbara,Harris,Jean
klee,hashed_pass_753,Kevin,Lee,Paul
nclark,hashed_pass_915,Nancy,Clark,Sue
tlewis,hashed_pass_246,Thomas,Lewis,Edward
swalker,hashed_pass_468,Susan,Walker,Kay
rhall,hashed_pass_579,Richard,Hall,George
kallen,hashed_pass_681,Karen,Allen,Marie
jyoung,hashed_pass_792,Jason,Young,Scott
lking,hashed_pass_813,Linda,King,Anne
mwright,hashed_pass_924,Mark,Wright,David
dhill,hashed_pass_135,Dorothy,Hill,May
bcarter,hashed_pass_246,Brian,Carter,Francis
hmitchell,hashed_pass_357,Helen,Mitchell,Ruth
gperez,hashed_pass_468,George,Perez,Arthur
eroberts,hashed_pass_579,Elizabeth,Roberts,Jane